# {"t_start": 1543531495.795324, "env_id": "QbertNoFrameskip-v0"} 
r,l,t
0.0,280,9.450804
225.0,404,19.159721
100.0,322,27.338362
50.0,329,35.996004
