# {"t_start": 1543531495.8092587, "env_id": "QbertNoFrameskip-v0"} 
r,l,t
150.0,310,9.979286
250.0,352,18.267547
225.0,351,27.405538
175.0,335,36.449038
