# {"t_start": 1543531495.8002248, "env_id": "QbertNoFrameskip-v0"} 
r,l,t
200.0,391,11.789222
600.0,380,21.297628
125.0,311,29.525151
