# {"t_start": 1543531495.810141, "env_id": "QbertNoFrameskip-v0"} 
r,l,t
125.0,321,10.351386
150.0,342,18.609819
100.0,315,26.690456
200.0,367,36.404808
