# {"t_start": 1543531495.8142724, "env_id": "QbertNoFrameskip-v0"} 
r,l,t
175.0,356,11.190308
125.0,308,18.623838
75.0,328,26.840808
125.0,283,34.428542
