# {"t_start": 1543531495.8218012, "env_id": "QbertNoFrameskip-v0"} 
r,l,t
75.0,299,9.857741
300.0,386,19.152921
25.0,294,26.700482
150.0,304,34.503827
