# {"t_start": 1543531495.8191805, "env_id": "QbertNoFrameskip-v0"} 
r,l,t
375.0,425,12.589319
475.0,358,21.723966
25.0,285,28.987912
50.0,292,36.56361
