# {"t_start": 1543531495.821588, "env_id": "QbertNoFrameskip-v0"} 
r,l,t
75.0,316,10.286594
175.0,305,17.18906
675.0,487,30.123104
