# {"t_start": 1543654008.7433217, "env_id": "DemonAttackNoFrameskip-v0"} 
r,l,t
110.0,901,14.771576
100.0,565,22.094352
