# {"t_start": 1543654008.7499127, "env_id": "DemonAttackNoFrameskip-v0"} 
r,l,t
90.0,1268,19.597521
120.0,549,26.631856
130.0,389,31.781324
