# {"t_start": 1543654008.7581298, "env_id": "DemonAttackNoFrameskip-v0"} 
r,l,t
190.0,1022,16.259271
150.0,774,26.383075
70.0,471,32.566272
