# {"t_start": 1543654008.7534773, "env_id": "DemonAttackNoFrameskip-v0"} 
r,l,t
20.0,354,8.140642
140.0,807,17.932266
90.0,640,26.334817
