# {"t_start": 1543654008.7649994, "env_id": "DemonAttackNoFrameskip-v0"} 
r,l,t
30.0,317,7.65794
120.0,750,16.726152
110.0,770,26.832407
