# {"t_start": 1543531002.944155, "env_id": "QbertNoFrameskip-v0"} 
r,l,t
150.0,354,11.815584
200.0,370,20.985904
300.0,360,29.922495
150.0,336,38.251451
275.0,434,49.184103
475.0,411,59.803728
