# {"t_start": 1543531002.959906, "env_id": "QbertNoFrameskip-v0"} 
r,l,t
250.0,275,9.911522
225.0,410,19.950342
100.0,345,28.358567
550.0,402,38.679685
300.0,431,49.589188
