# {"t_start": 1543531002.9472976, "env_id": "QbertNoFrameskip-v0"} 
r,l,t
200.0,289,10.074545
50.0,290,16.962681
125.0,302,24.640936
275.0,396,34.60355
575.0,389,44.444486
200.0,283,51.615942
