# {"t_start": 1543531002.953772, "env_id": "QbertNoFrameskip-v0"} 
r,l,t
225.0,391,12.424856
300.0,344,21.089149
175.0,340,29.806553
125.0,297,37.138583
200.0,359,46.03999
275.0,376,55.85538
