# {"t_start": 1543531002.9622457, "env_id": "QbertNoFrameskip-v0"} 
r,l,t
175.0,288,10.040462
75.0,319,17.889466
200.0,362,26.798404
125.0,343,35.575762
275.0,368,44.896071
250.0,362,53.783807
