# {"t_start": 1543531002.9686453, "env_id": "QbertNoFrameskip-v0"} 
r,l,t
475.0,350,11.484699
175.0,303,18.989864
175.0,400,28.930335
150.0,376,38.637275
250.0,326,46.592273
350.0,356,55.891223
