# {"t_start": 1543531002.9619021, "env_id": "QbertNoFrameskip-v0"} 
r,l,t
225.0,345,11.419906
25.0,253,17.470264
200.0,310,25.225079
300.0,405,35.595104
50.0,312,43.353804
350.0,512,56.499443
