# {"t_start": 1543531002.9673364, "env_id": "QbertNoFrameskip-v0"} 
r,l,t
100.0,346,11.436425
50.0,296,18.541038
75.0,269,25.260814
175.0,314,33.416234
150.0,288,40.344578
250.0,378,50.072537
50.0,302,57.669328
