# {"t_start": 1543134690.7664683, "env_id": "SpaceInvadersNoFrameskip-v0"} 
r,l,t
95.0,502,16.135555
0.0,506,32.298389
