# {"t_start": 1543134690.7694695, "env_id": "SpaceInvadersNoFrameskip-v0"} 
r,l,t
80.0,281,9.500771
0.0,490,24.349907
0.0,507,40.936611
