# {"t_start": 1543134690.7797923, "env_id": "SpaceInvadersNoFrameskip-v0"} 
r,l,t
60.0,260,8.856928
50.0,482,23.572515
0.0,503,40.098968
