# {"t_start": 1543134690.7723894, "env_id": "SpaceInvadersNoFrameskip-v0"} 
r,l,t
30.0,685,21.714092
0.0,505,38.212758
