# {"t_start": 1543134690.781969, "env_id": "SpaceInvadersNoFrameskip-v0"} 
r,l,t
65.0,269,9.36205
5.0,503,24.358059
0.0,503,40.884704
