# {"t_start": 1543134690.7940168, "env_id": "SpaceInvadersNoFrameskip-v0"} 
r,l,t
40.0,477,15.43337
0.0,504,31.533189
