# {"t_start": 1543134690.7864282, "env_id": "SpaceInvadersNoFrameskip-v0"} 
r,l,t
140.0,626,19.764741
0.0,506,36.23155
