# {"t_start": 1543264175.6352744, "env_id": "DemonAttackNoFrameskip-v0"} 
r,l,t
90.0,544,10.492305
10.0,522,17.056623
