# {"t_start": 1543134425.0553548, "env_id": "SpaceInvadersNoFrameskip-v0"} 
r,l,t
65.0,480,16.606264
0.0,503,32.306179
0.0,509,47.588775
0.0,508,70.937628
0.0,507,91.017234
0.0,506,109.394185
0.0,504,127.461643
0.0,509,145.522215
