# {"t_start": 1543134425.0557537, "env_id": "SpaceInvadersNoFrameskip-v0"} 
r,l,t
70.0,693,23.311332
0.0,505,39.344114
0.0,506,53.368321
0.0,510,79.880775
0.0,504,98.814759
0.0,510,116.696944
0.0,509,135.358967
