# {"t_start": 1543134425.0810618, "env_id": "SpaceInvadersNoFrameskip-v0"} 
r,l,t
45.0,455,15.785014
0.0,507,31.610558
0.0,507,46.936182
0.0,503,68.0751
0.0,507,89.534296
0.0,505,108.025279
0.0,504,126.017495
0.0,510,144.120486
