# {"t_start": 1543134425.0712147, "env_id": "SpaceInvadersNoFrameskip-v0"} 
r,l,t
125.0,670,22.614767
0.0,504,38.192161
0.0,505,52.745037
0.0,508,78.38603
0.0,504,98.015657
0.0,503,115.823622
0.0,503,133.895648
