# {"t_start": 1543134425.0717344, "env_id": "SpaceInvadersNoFrameskip-v0"} 
r,l,t
65.0,475,16.514764
0.0,503,32.225197
0.0,505,47.08745
0.0,506,69.862456
0.0,507,90.287295
0.0,505,108.7314
0.0,503,126.761748
0.0,505,144.783854
