# {"t_start": 1543134425.0725996, "env_id": "SpaceInvadersNoFrameskip-v0"} 
r,l,t
65.0,462,15.880925
0.0,509,31.719489
0.0,506,47.025799
0.0,509,69.79411
0.0,509,90.265755
0.0,506,108.730858
0.0,509,126.823457
0.0,504,144.837636
