# {"t_start": 1543134425.088435, "env_id": "SpaceInvadersNoFrameskip-v0"} 
r,l,t
20.0,479,16.551972
0.0,505,32.290444
0.0,510,47.581504
0.0,508,70.946594
0.0,507,91.016201
0.0,504,109.361188
0.0,507,127.467222
0.0,503,144.911212
