# {"t_start": 1543134425.0833058, "env_id": "SpaceInvadersNoFrameskip-v0"} 
r,l,t
55.0,705,23.418396
0.0,505,39.450953
0.0,505,53.849902
0.0,504,79.915721
0.0,506,99.401631
0.0,509,117.272905
0.0,509,135.394198
